id,name,key,url
1,zoom,zoom,https://zoom.us/
2,workato,workato,https://www.workato.com/
3,datadog,datadog,https://www.datadoghq.com/
4,monday,monday,https://monday.com/
5,stripe,stripe,https://stripe.com/
6,Skyble,Twimm,https://squidoo.com/fusce/lacus/purus/aliquet/at.json
7,Skinix,Dabfeed,https://answers.com/vestibulum/ante/ipsum/primis/in.aspx
8,Jazzy,Layo,http://mit.edu/vulputate/vitae/nisl/aenean/lectus/pellentesque.js
9,Realfire,Ooba,http://dedecms.com/nulla/tellus/in.png
10,Pixonyx,Brightbean,http://nba.com/ullamcorper.aspx
11,Roombo,Wikivu,http://printfriendly.com/ut/nulla/sed/accumsan/felis.jpg
12,Yacero,Topicshots,http://harvard.edu/pulvinar/nulla/pede/ullamcorper.jpg
13,Skiba,Twiyo,https://ucoz.ru/ligula/sit.aspx
14,Mynte,Skajo,https://wordpress.org/molestie.jsp
15,Geba,Photobean,http://ning.com/turpis/elementum/ligula/vehicula/consequat.json
16,Topicshots,Centizu,https://patch.com/luctus/tincidunt/nulla/mollis/molestie.png
17,Kamba,Gabtune,https://angelfire.com/morbi/non/lectus/aliquam.xml
18,Kare,Quamba,https://nbcnews.com/aenean.png
19,Eare,Jetwire,https://storify.com/odio/justo/sollicitudin.jpg
20,Eayo,Flashspan,https://myspace.com/ut/mauris/eget/massa/tempor.html
21,Skinder,Kaymbo,https://fotki.com/vel.xml
22,Youspan,Rhyloo,http://plala.or.jp/a/pede/posuere/nonummy.jsp
23,JumpXS,Nlounge,http://dyndns.org/ac.html
24,Trudoo,Roomm,http://taobao.com/semper/rutrum.json
25,Photolist,Tanoodle,https://trellian.com/non/velit/nec.aspx
26,Twiyo,Teklist,https://youtu.be/metus/aenean/fermentum/donec/ut.jpg
27,Feedfish,Devpulse,https://webnode.com/eu/tincidunt/in/leo/maecenas.html
28,Quimba,Yabox,https://amazon.co.uk/congue/elementum/in/hac/habitasse/platea.json
29,Chatterpoint,Omba,http://posterous.com/commodo/placerat/praesent/blandit/nam/nulla/integer.js
30,Fadeo,Mydeo,https://ustream.tv/duis.js
31,Twinder,Photolist,http://wiley.com/in/tempor/turpis/nec/euismod/scelerisque.js
32,Wikido,Ooba,https://diigo.com/tempus/vivamus/in.png
33,Edgetag,Kwimbee,https://dot.gov/viverra.aspx
34,Dynazzy,Flipbug,http://example.com/pellentesque/at/nulla/suspendisse/potenti/cras/in.png
35,Minyx,Izio,https://berkeley.edu/nisl/nunc/rhoncus/dui/vel/sem.xml
36,Yakitri,Gabtune,https://mapquest.com/consequat/metus/sapien.xml
37,Yadel,Quamba,https://jalbum.net/rutrum/nulla/tellus/in/sagittis.jpg
38,Ooba,Flashset,http://e-recht24.de/vel.aspx
39,Gigashots,Youopia,https://list-manage.com/odio.js
40,Abata,Trilith,http://oakley.com/id/nulla/ultrices/aliquet/maecenas/leo.aspx
41,Oozz,Edgepulse,https://so-net.ne.jp/sed/justo/pellentesque/viverra/pede/ac/diam.aspx
42,Divanoodle,Fivechat,https://buzzfeed.com/donec/pharetra/magna/vestibulum/aliquet/ultrices/erat.jsp
43,Plajo,Fatz,https://histats.com/enim/blandit/mi.aspx
44,Demivee,Vinte,http://statcounter.com/nisi/at/nibh.aspx
45,Skinte,Devcast,https://feedburner.com/bibendum.jpg
46,Rhycero,Zoomlounge,http://unc.edu/metus/arcu/adipiscing/molestie/hendrerit/at.jpg
47,Innojam,Leenti,https://netscape.com/purus/sit/amet.js
48,Devbug,Wordtune,https://usgs.gov/mauris/lacinia/sapien/quis/libero.js
49,Tazzy,Ailane,http://imgur.com/viverra/pede/ac/diam/cras.js
50,Flipstorm,Topiczoom,https://cyberchimps.com/auctor/sed/tristique/in/tempus/sit/amet.html
51,Voonte,Fiveclub,https://domainmarket.com/dui/vel.js
52,Centidel,Lazzy,https://nifty.com/amet/justo.html
53,Tagpad,Riffpath,https://jigsy.com/sociis/natoque.json
54,Katz,Photobean,http://wordpress.com/morbi/porttitor/lorem/id/ligula/suspendisse.html
55,Riffpath,Mita,http://desdev.cn/amet/cursus/id/turpis/integer.json
56,Mudo,Jaloo,https://theglobeandmail.com/nibh/fusce/lacus/purus/aliquet/at.jsp
57,Jabbertype,Tagfeed,https://ted.com/vel/dapibus/at/diam/nam/tristique/tortor.jsp
58,Agimba,Kwinu,https://odnoklassniki.ru/suspendisse/ornare.json
59,Realbuzz,Buzzster,http://state.tx.us/potenti/nullam/porttitor/lacus/at/turpis.aspx
60,Quatz,Mita,https://nydailynews.com/tristique/in/tempus/sit.html
61,Voolith,Mudo,http://prlog.org/amet.js
62,Trilia,Kazio,http://addtoany.com/sagittis.png
63,Meeveo,Brightdog,http://csmonitor.com/ultrices.png
64,Twimbo,Mybuzz,https://blogspot.com/tortor/risus/dapibus/augue.html
65,Vipe,Janyx,https://nytimes.com/malesuada/in/imperdiet/et/commodo.xml
66,Teklist,Zoomzone,https://army.mil/mauris/laoreet/ut/rhoncus/aliquet/pulvinar.jsp
67,Wikizz,Devpoint,http://oracle.com/curabitur/at/ipsum/ac/tellus/semper/interdum.jpg
68,Rhyloo,Twimbo,https://vistaprint.com/neque/sapien/placerat/ante/nulla/justo/aliquam.jsp
69,Jabbercube,Bluejam,https://hostgator.com/orci.json
70,Zoozzy,Katz,https://theatlantic.com/augue/luctus/tincidunt/nulla/mollis/molestie/lorem.png
71,Realbuzz,Jaxnation,http://admin.ch/eleifend/pede/libero/quis.aspx
72,Agimba,Lazzy,https://prweb.com/nunc/viverra/dapibus.js
73,Rhycero,Pixoboo,http://yelp.com/etiam/vel/augue.jsp
74,Pixonyx,Thoughtblab,http://google.com.br/dapibus/nulla/suscipit/ligula.html
75,Ozu,Topdrive,http://qq.com/augue/luctus/tincidunt/nulla.js
76,Skalith,Wikibox,https://g.co/consequat.xml
77,Feednation,Browsezoom,https://github.com/varius.png
78,Oyoyo,Einti,http://creativecommons.org/augue/luctus/tincidunt/nulla/mollis.jpg
79,BlogXS,Tagopia,http://digg.com/cubilia/curae/mauris.xml
80,LiveZ,Dabjam,https://cnn.com/elementum/in/hac/habitasse.html
81,Fiveclub,Kamba,https://berkeley.edu/aliquam/quis/turpis/eget/elit/sodales/scelerisque.js
82,Kwimbee,Vidoo,https://wordpress.com/duis.png
83,Snaptags,Pixope,https://goo.ne.jp/velit/nec/nisi/vulputate/nonummy.xml
84,Minyx,Roombo,https://sourceforge.net/mollis/molestie/lorem.js
85,Livefish,Riffpedia,http://com.com/nonummy/maecenas.json
86,Edgewire,Leexo,http://patch.com/nascetur.json
87,Voomm,Janyx,https://newsvine.com/tristique/fusce.jpg
88,Flipopia,Chatterpoint,https://feedburner.com/tempor/convallis/nulla/neque.xml
89,Trupe,Tavu,https://ed.gov/integer/a/nibh/in/quis/justo.html
90,Rhycero,Pixoboo,https://friendfeed.com/tristique.jpg
91,Linklinks,Zoozzy,http://gov.uk/praesent/blandit/nam/nulla/integer/pede.json
92,Yadel,Photofeed,https://ask.com/ante/vivamus.html
93,Zava,Trilith,https://google.com.hk/nonummy/maecenas.jpg
94,Feedmix,Devpulse,https://netscape.com/neque.aspx
95,Rhyzio,Zoomdog,https://forbes.com/leo/odio/porttitor/id/consequat/in.html
96,Quatz,Tagcat,https://deviantart.com/a.html
97,Yodo,Trilia,http://fastcompany.com/proin.png
98,Riffwire,Zoozzy,http://geocities.com/urna.aspx
99,Yombu,Youtags,http://marriott.com/potenti/cras.html
100,Oodoo,Kare,https://hao123.com/sapien.png
